{"cameraMode":{"drawMode":0,"name":"Shaded","section":"Shading Mode"},"sceneLighting":false,"audioPlay":false,"sceneViewState":{"showFog":true,"showMaterialUpdate":false,"showSkybox":true,"showFlares":true,"showImageEffects":true,"showParticleSystems":true},"in2DMode":false,"pivot":{"x":-1.0900001525878907,"y":1.9799997806549073,"z":-11.799999237060547},"rotation":{"x":-0.03484544903039932,"y":0.9642468690872192,"z":-0.2058340311050415,"w":-0.16323642432689668},"size":8.278558731079102,"orthographic":false}